<?xml version="1.0"?>
<!DOCTYPE hibernate-mapping PUBLIC "-//Hibernate/Hibernate Mapping DTD 3.0//EN" "http://hibernate.sourceforge.net/hibernate-mapping-3.0.dtd">

<hibernate-mapping auto-import="false" default-lazy="false">
	<import class="com.al.services.aliVolunteer.model.IVolunteer" />
	<class name="com.al.services.aliVolunteer.model.impl.IVolunteerImpl" table="al_corpweb_IVolunteer">
		<id name="volunteerId" type="long">
			<generator class="increment" />
		</id>
		<property column="uuid_" name="uuid" type="com.liferay.portal.dao.orm.hibernate.StringType" />
		<property name="groupId" type="com.liferay.portal.dao.orm.hibernate.LongType" />
		<property name="companyId" type="com.liferay.portal.dao.orm.hibernate.LongType" />
		<property name="userId" type="com.liferay.portal.dao.orm.hibernate.LongType" />
		<property name="createDate" type="org.hibernate.type.TimestampType" />
		<property name="modifiedDate" type="org.hibernate.type.TimestampType" />
		<property name="name" type="com.liferay.portal.dao.orm.hibernate.StringType" />
		<property name="email" type="com.liferay.portal.dao.orm.hibernate.StringType" />
		<property name="phoneNumber" type="com.liferay.portal.dao.orm.hibernate.StringType" />
		<property name="subject" type="com.liferay.portal.dao.orm.hibernate.StringType" />
		<property name="address" type="com.liferay.portal.dao.orm.hibernate.StringType" />
		<property name="message" type="com.liferay.portal.dao.orm.hibernate.StringType" />
	</class>
</hibernate-mapping>