<?xml version="1.0"?>

<model-hints>
	<model name="com.al.services.aliVolunteer.model.IVolunteer">
		<field name="uuid" type="String" />
		<field name="volunteerId" type="long" />
		<field name="groupId" type="long" />
		<field name="companyId" type="long" />
		<field name="userId" type="long" />
		<field name="createDate" type="Date" />
		<field name="modifiedDate" type="Date" />
		<field name="name" type="String" />
		<field name="email" type="String" />
		<field name="phoneNumber" type="String" />
		<field name="subject" type="String" />
		<field name="address" type="String" />
		<field name="message" type="String" />
	</model>
</model-hints>