<?xml version="1.0"?>
<!DOCTYPE service-builder PUBLIC "-//Liferay//DTD Service Builder 7.0.0//EN" "http://www.liferay.com/dtd/liferay-service-builder_7_0_0.dtd">

<service-builder package-path="com.al.services.aliVolunteer">
	<namespace>al_corpweb</namespace>
	<entity local-service="true" name="IVolunteer" remote-service="true" uuid="true">

		<!-- PK fields -->

		<column name="volunteerId" primary="true" type="long" id-type="increment" />

		<!-- Group instance -->

		<column name="groupId" type="long" />

		<!-- Audit fields -->

		<column name="companyId" type="long" />
		<column name="userId" type="long" />
		<column name="createDate" type="Date" />
		<column name="modifiedDate" type="Date" />

		<!-- Other fields -->

		<column name="name" type="String" />
		<column name="email" type="String" />
		<column name="phoneNumber" type="String" />
		<column name="subject" type="String" />
		<column name="address" type="String" />
		<column name="message" type="String" />

		<!-- Order -->

		<order by="asc">
			<order-column name="volunteerId" />
		</order>

	</entity>
</service-builder>